Full name,Section,Identifier
Edward Foster,LQ,543094
Jasmine Henderson,LQ,553465
Victor Mason,LQ,542007
Arnold Myers,LQ,541153
Kellan Mason,LQ,549778
Jenna Perkins,LQ,544764
Frederick Douglas,LQ,532258
Lucy Turner,LQ,532305
Tiana Walker,LQ,553470
Kirsten Holmes,LQ,543097
Jack Murphy,LQ,532284
Chelsea Williams,LQ,543918
Elian Edwards,LQ,543081
Emma Brown,LQ,532287
Gianna Howard,LQ,549775
Oscar Dixon,LQ,543901
Chelsea Russell,LV,541985
Alina Wilson,LV,541998
Miley Mitchell,LV,532244
Vincent Carter,LV,534849
Miller Watson,LV,549777
Alen Lloyd,LV,542407
Abigail Reed,LV,541964
Agata Ryan,LV,541148
Dainton Williams,LV,543920
Tiana Robinson,LV,532285
Alan Morrison,LV,549776
Cherry Allen,LV,532289
Bruce Smith,LV,544758
William Baker,LV,541972
Adrianna Ross,LV,543088
Amy Barnes,LV,541970
Nicholas Roberts,LV,532257
Cadie Bailey,LV,541992
Lucas Warren,LW,541975
Michael Barrett-Hession,LW,532291
Vivian Kelley,LW,543093
Sydney Clark,LW,532249
Aida Fowler,LW,549763
Victor Kelly,LW,534851
Olivia Hill,LW,549780
Eddy Elliott,LW,534844
George Dixon,LW,542394
Tiana Adams,LW,542409
Edgar Baker,LW,541990
Byron Kelley,LW,541966
Isabella Riley,LW,543087
Michael Anderson,LW,543089
Frederick Mason,LW,553472
