Identifier,Full name,Email address,Status,Grade,Maximum Grade,Grade can be changed,Last modified (submission),Last modified (grade),Feedback comments
Participant 541985,Chelsea Russell,c.russell@randatmail.com,Submitted for grading,,100,Yes,"Monday, February 7, 2022, 10:45 PM",-,
Participant 541975,Lucas Warren,l.warren@randatmail.com,Submitted for grading,,100,Yes,"Monday, February 7, 2022, 10:46 PM",-,
Participant 543094,Edward Foster,e.foster@randatmail.com,Submitted for grading,,100,Yes,-,-,
Participant 541988,Dale Phillips,d.phillips@randatmail.com,Submitted for grading,,100,Yes,"Monday, February 7, 2022, 1:56 PM",-,
Participant 534840,Tess Ross,t.ross@randatmail.com,Submitted for grading,,100,Yes,"Tuesday, February 8, 2022, 2:44 AM",-,
Participant 553465,Jasmine Henderson,j.henderson@randatmail.com,Submitted for grading,,100,Yes,"Monday, February 7, 2022, 5:03 PM","Wednesday, February 9, 2022, 3:06 PM",
Participant 543078,Mary Roberts,m.roberts@randatmail.com,Submitted for grading,,100,Yes,"Monday, February 7, 2022, 11:27 PM",-,
Participant 532241,Eleanor Tucker,e.tucker@randatmail.com,Submitted for grading,,100,Yes,"Sunday, February 6, 2022, 9:08 PM",-,
Participant 532240,Ashton Craig,a.craig@randatmail.com,Submitted for grading,,100,Yes,"Monday, February 7, 2022, 8:46 PM",-,
Participant 543916,Elise Clark,e.clark@randatmail.com,Submitted for grading,,100,Yes,"Monday, February 7, 2022, 10:15 PM","Wednesday, February 9, 2022, 10:39 AM",
Participant 541986,Maximilian Russell,m.russell@randatmail.com,Submitted for grading,,100,Yes,"Monday, February 7, 2022, 7:39 PM",-,
Participant 542004,Dominik Higgins,d.higgins@randatmail.com,Submitted for grading,,100,Yes,"Wednesday, February 9, 2022, 2:50 PM",-,
Participant 583042,Annabella Jones,a.jones@randatmail.com,Submitted for grading,,100,Yes,-,-,
Participant 532242,Haris Cooper,h.cooper@randatmail.com,Submitted for grading,,100,Yes,"Saturday, February 5, 2022, 7:15 PM",-,
Participant 542007,Victor Mason,v.mason@randatmail.com,Submitted for grading,,100,Yes,"Monday, February 7, 2022, 10:41 PM",-,
Participant 541997,Kellan Suazo Parker,k.parker@randatmail.com,Submitted for grading,,100,Yes,"Saturday, February 5, 2022, 11:22 AM",-,
Participant 553462,Myra Hawkins,m.hawkins@randatmail.com,Submitted for grading,,100,Yes,-,"Monday, January 31, 2022, 4:40 PM",
Participant 534854,Sophia Robinson,s.robinson@randatmail.com,Submitted for grading,,100,Yes,"Monday, February 7, 2022, 4:44 PM",-,
Participant 541147,Tyler Perry,t.perry@randatmail.com,Submitted for grading,,100,Yes,"Sunday, February 6, 2022, 2:45 PM",-,
Participant 541967,Naomi Moore,n.moore@randatmail.com,Submitted for grading,,100,Yes,-,-,
Participant 532238,John Warren,j.warren@randatmail.com,Submitted for grading,,100,Yes,"Monday, January 31, 2022, 7:54 PM",-,
Participant 541157,Leonardo Harris,l.harris@randatmail.com,Submitted for grading,,100,Yes,"Saturday, February 5, 2022, 10:07 PM",-,
Participant 542408,Jared Anderson,j.anderson@randatmail.com,Submitted for grading,,100,Yes,-,-,
Participant 532237,Carl Hunt,c.hunt@randatmail.com,Submitted for grading,,100,Yes,"Monday, February 7, 2022, 7:08 PM",-,
Participant 541978,Stuart Harris,s.harris@randatmail.com,Submitted for grading,,100,Yes,"Monday, February 7, 2022, 10:15 AM",-,
Participant 544751,Sophia Hamilton,s.hamilton@randatmail.com,Submitted for grading,,100,Yes,"Monday, February 7, 2022, 4:46 PM",-,
Participant 543912,Edwin Cooper,e.cooper@randatmail.com,Submitted for grading,,100,Yes,"Monday, February 7, 2022, 4:42 PM","Wednesday, February 9, 2022, 10:44 AM",
Participant 553479,Eric Taylor,e.taylor@randatmail.com,Submitted for grading,,100,Yes,"Monday, February 7, 2022, 12:41 PM","Wednesday, February 9, 2022, 3:10 PM",
Participant 541156,Harold Spencer,h.spencer@randatmail.com,Submitted for grading,,100,Yes,"Thursday, February 3, 2022, 10:10 AM",-,
Participant 553459,Julian Robinson,j.robinson@randatmail.com,Submitted for grading,,100,Yes,"Monday, February 7, 2022, 1:10 PM","Wednesday, February 9, 2022, 3:12 PM",
Participant 541998,Alina Wilson,a.wilson@randatmail.com,Submitted for grading,,100,Yes,"Wednesday, February 2, 2022, 10:53 PM",-,
Participant 532291,Michael Barrett-Hession,m.barrett@randatmail.com,Submitted for grading,,100,Yes,"Monday, February 7, 2022, 9:41 AM","Wednesday, February 9, 2022, 12:14 PM",
Participant 541153,Arnold Myers,a.myers@randatmail.com,Submitted for grading,,100,Yes,"Monday, February 7, 2022, 3:25 PM",-,
Participant 532244,Miley Mitchell,m.mitchell@randatmail.com,Submitted for grading,,100,Yes,"Monday, February 7, 2022, 11:54 AM",-,
Participant 549778,Kellan Mason,k.mason@randatmail.com,Submitted for grading,,100,Yes,"Monday, February 7, 2022, 8:59 PM",-,
Participant 541162,Sienna Morrison,s.morrison@randatmail.com,Submitted for grading,,100,Yes,"Thursday, February 3, 2022, 4:39 PM",-,
Participant 544770,Melissa Farrell,m.farrell@randatmail.com,Submitted for grading,,100,Yes,"Monday, February 7, 2022, 11:49 PM",-,
Participant 543093,Vivian Kelley,v.kelley@randatmail.com,Submitted for grading,,100,Yes,"Sunday, February 6, 2022, 7:08 PM",-,
Participant 532249,Sydney Clark,s.clark@randatmail.com,Submitted for grading,,100,Yes,"Monday, February 7, 2022, 12:05 PM",-,
Participant 553474,William Alexander,w.alexander@randatmail.com,Submitted for grading,,100,Yes,"Monday, February 7, 2022, 12:33 PM","Wednesday, February 9, 2022, 3:18 PM",
Participant 541152,Julian Thomas,j.thomas@randatmail.com,Submitted for grading,,100,Yes,"Wednesday, February 2, 2022, 6:24 PM",-,
Participant 534849,Vincent Carter,v.carter@randatmail.com,Submitted for grading,,100,Yes,"Monday, February 7, 2022, 9:20 PM",-,
Participant 543080,Max Cunningham,m.cunningham@randatmail.com,Submitted for grading,,100,Yes,"Sunday, February 6, 2022, 2:36 PM",-,
Participant 541159,Charlie Wright,c.wright@randatmail.com,Submitted for grading,,100,Yes,"Monday, February 7, 2022, 11:43 AM",-,
Participant 553481,James Alexander,j.alexander@randatmail.com,Submitted for grading,,100,Yes,"Tuesday, February 8, 2022, 6:41 PM","Wednesday, February 9, 2022, 3:21 PM",
Participant 549763,Aida Fowler,a.fowler@randatmail.com,Submitted for grading,,100,Yes,-,-,
Participant 549777,Miller Watson,m.watson@randatmail.com,Submitted for grading,,100,Yes,"Monday, February 7, 2022, 10:08 PM",-,
Participant 544764,Jenna Perkins,j.perkins@randatmail.com,Submitted for grading,,100,Yes,"Friday, February 4, 2022, 3:13 PM",-,
Participant 549781,Nicholas Mason,n.mason@randatmail.com,Submitted for grading,,100,Yes,"Monday, February 7, 2022, 9:41 PM",-,
Participant 534851,Victor Kelly,v.kelly@randatmail.com,Submitted for grading,,100,Yes,"Monday, February 7, 2022, 4:35 PM",-,
Participant 543085,Jacob Robinson,j.robinson@randatmail.com,Submitted for grading,,100,Yes,"Monday, February 7, 2022, 5:06 PM",-,
Participant 534847,Melissa Campbell,m.campbell@randatmail.com,Submitted for grading,,100,Yes,"Monday, February 7, 2022, 4:20 PM",-,
Participant 544761,Evelyn Perkins,e.perkins@randatmail.com,Submitted for grading,,100,Yes,"Sunday, February 6, 2022, 5:17 PM",-,
Participant 543082,Antony Russell,a.russell@randatmail.com,Submitted for grading,,100,Yes,"Monday, February 7, 2022, 11:14 PM",-,
Participant 534836,Edward Stewart,e.stewart@randatmail.com,Submitted for grading,,100,Yes,"Monday, February 7, 2022, 4:13 PM",-,
Participant 541149,Tess Hunt,t.hunt@randatmail.com,Submitted for grading,,100,Yes,"Friday, February 4, 2022, 4:39 PM",-,
Participant 542393,Brooke Montgomery,b.montgomery@randatmail.com,Submitted for grading,,100,Yes,"Sunday, February 6, 2022, 9:32 PM",-,
Participant 532259,Aida Hunt,a.hunt@randatmail.com,Submitted for grading,,100,Yes,"Monday, February 7, 2022, 10:26 PM",-,
Participant 544766,Mike Nelson,m.nelson@randatmail.com,Submitted for grading,,100,Yes,"Monday, February 7, 2022, 12:53 AM",-,
Participant 553469,Elian Farrell,e.farrell@randatmail.com,Submitted for grading,,100,Yes,"Monday, February 7, 2022, 12:44 PM","Wednesday, February 9, 2022, 3:24 PM",
Participant 541969,Kate Clark,k.clark@randatmail.com,Submitted for grading,,100,Yes,"Monday, February 7, 2022, 4:01 PM",-,
Participant 541143,Carina Crawford,c.crawford@randatmail.com,Submitted for grading,,100,Yes,"Monday, February 7, 2022, 6:07 PM",-,
Participant 553480,Preston Wells,p.wells@randatmail.com,Submitted for grading,,100,Yes,"Tuesday, February 8, 2022, 10:04 PM","Wednesday, February 9, 2022, 3:28 PM",
Participant 532258,Frederick Douglas,f.douglas@randatmail.com,Submitted for grading,,100,Yes,"Monday, February 7, 2022, 11:39 AM",-,
Participant 553464,Lana Gibson,l.gibson@randatmail.com,Submitted for grading,,100,Yes,"Wednesday, February 9, 2022, 7:40 PM","Monday, February 7, 2022, 8:58 AM",
Participant 534853,Carlos Hill,c.hill@randatmail.com,Submitted for grading,,100,Yes,"Sunday, February 6, 2022, 12:37 PM",-,
Participant 549780,Olivia Hill,o.hill@randatmail.com,Submitted for grading,,100,Yes,-,-,
Participant 544763,Rafael Farrell,r.farrell@randatmail.com,Submitted for grading,,100,Yes,"Sunday, February 6, 2022, 6:24 PM",-,
Participant 543910,Amber Gibson,a.gibson@randatmail.com,Submitted for grading,,100,Yes,"Sunday, February 6, 2022, 4:34 PM","Wednesday, February 9, 2022, 10:51 AM",
Participant 549773,Emma Stevens,e.stevens@randatmail.com,Submitted for grading,,100,Yes,"Monday, February 7, 2022, 10:25 PM",-,
Participant 553467,Chloe Gray,c.gray@randatmail.com,Submitted for grading,,100,Yes,"Monday, February 7, 2022, 10:27 PM","Wednesday, February 9, 2022, 3:31 PM",
Participant 542001,Charlotte Perry,c.perry@randatmail.com,Submitted for grading,,100,Yes,"Monday, February 7, 2022, 5:13 PM",-,
Participant 534837,Natalie Thomas,n.thomas@randatmail.com,Submitted for grading,,100,Yes,"Monday, February 7, 2022, 4:28 PM",-,
Participant 549761,Valeria Foster,v.foster@randatmail.com,Submitted for grading,,100,Yes,-,-,
Participant 553475,Patrick Ellis,p.ellis@randatmail.com,Submitted for grading,,100,Yes,"Monday, February 7, 2022, 12:34 PM","Wednesday, February 9, 2022, 3:40 PM",
Participant 542400,Vivian Lopez Luna,v.douglas@randatmail.com,Submitted for grading,,100,Yes,"Monday, February 7, 2022, 6:32 PM",-,
Participant 542407,Alen Lloyd,a.lloyd@randatmail.com,Submitted for grading,,100,Yes,"Friday, February 4, 2022, 12:40 PM",-,
Participant 553477,Emma Owens,e.owens@randatmail.com,Submitted for grading,,100,Yes,"Monday, February 7, 2022, 3:58 PM","Wednesday, February 9, 2022, 3:48 PM",
Participant 534856,Derek Johnson,d.johnson@randatmail.com,Submitted for grading,,100,Yes,"Monday, February 7, 2022, 5:55 PM",-,
Participant 534839,Vanessa Cooper,v.cooper@randatmail.com,Submitted for grading,,100,Yes,-,-,
Participant 532298,Chester Moore,c.moore@randatmail.com,Submitted for grading,,100,Yes,"Monday, February 7, 2022, 9:32 AM","Wednesday, February 9, 2022, 12:22 PM",
Participant 541163,Julian Gibson,j.gibson@randatmail.com,Submitted for grading,,100,Yes,"Sunday, February 6, 2022, 9:40 PM",-,
Participant 534844,Eddy Elliott,e.elliott@randatmail.com,Submitted for grading,,100,Yes,"Tuesday, February 1, 2022, 12:33 PM",-,
Participant 542012,Naomi Brown,n.brown@randatmail.com,Submitted for grading,,100,Yes,"Friday, February 4, 2022, 11:26 AM",-,
Participant 542011,Camila Howard,c.howard@randatmail.com,Submitted for grading,,100,Yes,"Sunday, February 6, 2022, 6:03 PM",-,
Participant 534846,Sofia Stewart,s.stewart@randatmail.com,Submitted for grading,,100,Yes,"Monday, February 7, 2022, 4:31 PM",-,
Participant 534843,Amelia Edwards,a.edwards@randatmail.com,Submitted for grading,,100,Yes,"Monday, February 7, 2022, 10:30 PM",-,
Participant 542388,Florrie Miller,f.miller@randatmail.com,Submitted for grading,,100,Yes,"Monday, February 7, 2022, 10:18 PM",-,
Participant 534848,Dainton Johnson,d.johnson@randatmail.com,Submitted for grading,,100,Yes,"Friday, February 4, 2022, 11:08 AM",-,
Participant 532305,Lucy Turner,l.turner@randatmail.com,Submitted for grading,,100,Yes,"Sunday, February 6, 2022, 10:12 PM","Wednesday, February 9, 2022, 12:26 PM",
Participant 541991,Violet Johnson,v.johnson@randatmail.com,Submitted for grading,,100,Yes,"Monday, February 7, 2022, 9:36 PM",-,
Participant 544767,Carl Kelley,c.kelley@randatmail.com,Submitted for grading,,100,Yes,"Monday, February 7, 2022, 10:08 PM",-,
Participant 541160,Vincent Hall,v.hall@randatmail.com,Submitted for grading,,100,Yes,"Wednesday, February 2, 2022, 9:54 PM",-,
Participant 541166,Daisy Richardson,d.richardson@randatmail.com,Submitted for grading,,100,Yes,"Monday, February 7, 2022, 7:44 PM",-,
Participant 532243,Dainton Evans,d.evans@randatmail.com,Submitted for grading,,100,Yes,"Monday, February 7, 2022, 9:38 PM",-,
Participant 553470,Tiana Walker,t.walker@randatmail.com,Submitted for grading,,100,Yes,"Monday, February 7, 2022, 1:45 PM","Wednesday, February 9, 2022, 3:55 PM",
Participant 542397,John Richards,j.richards@randatmail.com,Submitted for grading,,100,Yes,"Friday, February 4, 2022, 8:31 PM",-,
Participant 541983,Rubie Tucker,r.tucker@randatmail.com,Submitted for grading,,100,Yes,"Monday, February 7, 2022, 5:53 PM",-,
Participant 541980,Anna Cameron,a.cameron@randatmail.com,Submitted for grading,,100,Yes,"Monday, February 7, 2022, 5:54 PM",-,
Participant 553478,Valeria Roberts,v.roberts@randatmail.com,Submitted for grading,,100,Yes,"Monday, February 7, 2022, 5:12 PM","Wednesday, February 9, 2022, 3:59 PM",
Participant 553476,Sam Russell,s.russell@randatmail.com,Submitted for grading,,100,Yes,"Monday, February 7, 2022, 12:39 PM","Wednesday, February 9, 2022, 4:13 PM",
Participant 541151,Maximilian Cameron,m.cameron@randatmail.com,Submitted for grading,,100,Yes,"Sunday, February 6, 2022, 7:33 PM",-,
Participant 534838,Antony Douglas,a.douglas@randatmail.com,Submitted for grading,,100,Yes,"Monday, February 7, 2022, 11:35 PM",-,
Participant 532251,Carina Foster,c.foster@randatmail.com,Submitted for grading,,100,Yes,"Monday, February 7, 2022, 5:25 PM",-,
Participant 542394,George Dixon,g.dixon@randatmail.com,Submitted for grading,,100,Yes,"Monday, February 7, 2022, 4:48 PM",-,
Participant 534850,Maria Parker,m.parker@randatmail.com,Submitted for grading,,100,Yes,"Monday, February 7, 2022, 5:36 PM",-,
Participant 549762,Jessica Wilson,j.wilson@randatmail.com,Submitted for grading,,100,Yes,"Sunday, February 6, 2022, 1:09 PM",-,
Participant 542410,Steven Hawkins,s.hawkins@randatmail.com,Submitted for grading,,100,Yes,-,-,
Participant 543908,Isabella Myers,i.myers@randatmail.com,Submitted for grading,,100,Yes,"Sunday, February 6, 2022, 4:57 PM","Wednesday, February 9, 2022, 11:05 AM",
Participant 549772,Mary Anderson,m.anderson@randatmail.com,Submitted for grading,,100,Yes,"Monday, February 7, 2022, 3:37 PM",-,
Participant 542409,Tiana Adams,t.adams@randatmail.com,Submitted for grading,,100,Yes,"Thursday, February 3, 2022, 8:14 AM",-,
Participant 532236,Max Fowler,m.fowler@randatmail.com,Submitted for grading,,100,Yes,"Monday, February 7, 2022, 11:46 AM",-,
Participant 553473,Hailey Perkins,h.perkins@randatmail.com,Submitted for grading,,100,Yes,"Monday, February 7, 2022, 6:56 PM","Wednesday, February 9, 2022, 4:18 PM",
Participant 532302,Aida Cameron,a.cameron@randatmail.com,Submitted for grading,,100,Yes,"Monday, February 7, 2022, 9:47 AM","Wednesday, February 9, 2022, 1:13 PM",
Participant 541984,Madaline Perry,m.perry@randatmail.com,Submitted for grading,,100,Yes,"Friday, February 4, 2022, 5:07 PM",-,
Participant 541999,Elian Kelley,e.kelley@randatmail.com,Submitted for grading,,100,Yes,"Wednesday, February 2, 2022, 3:10 PM",-,
Participant 541146,Madaline Martin,m.martin@randatmail.com,Submitted for grading,,100,Yes,-,-,
Participant 543097,Kirsten Holmes,k.holmes@randatmail.com,Submitted for grading,,100,Yes,"Friday, February 4, 2022, 11:33 AM",-,
Participant 549768,Savana Perkins,s.perkins@randatmail.com,Submitted for grading,,100,Yes,"Saturday, February 5, 2022, 7:42 PM",-,
Participant 542005,Julian Allen,j.allen@randatmail.com,Submitted for grading,,100,Yes,"Monday, February 7, 2022, 10:35 AM",-,
Participant 532255,Carina Lloyd,c.lloyd@randatmail.com,Submitted for grading,,100,Yes,"Monday, February 7, 2022, 1:58 PM",-,
Participant 541161,Rubie Barnes,r.barnes@randatmail.com,Submitted for grading,,100,Yes,"Sunday, February 6, 2022, 5:01 PM",-,
Participant 532248,Aida Ellis,a.ellis@randatmail.com,Submitted for grading,,100,Yes,"Monday, February 7, 2022, 11:41 AM",-,
Participant 534855,Wilson Cole,w.cole@randatmail.com,Submitted for grading,,100,Yes,"Monday, February 7, 2022, 4:26 PM",-,
Participant 543900,Lenny Barnes,l.barnes@randatmail.com,Submitted for grading,,100,Yes,"Thursday, February 3, 2022, 3:20 PM","Wednesday, February 9, 2022, 11:11 AM",
Participant 541964,Abigail Reed,a.reed@randatmail.com,Submitted for grading,,100,Yes,"Friday, February 4, 2022, 10:52 PM",-,
Participant 541150,Sabrina Wright,s.wright@randatmail.com,Submitted for grading,,100,Yes,"Friday, February 4, 2022, 4:23 PM",-,
Participant 544749,Rafael Warren,r.warren@randatmail.com,Submitted for grading,,100,Yes,"Friday, February 4, 2022, 1:52 PM",-,
Participant 532256,Rebecca Robinson,r.robinson@randatmail.com,Submitted for grading,,100,Yes,"Monday, February 7, 2022, 9:45 PM",-,
Participant 543084,Jacob Parker,j.parker@randatmail.com,Submitted for grading,,100,Yes,"Monday, February 7, 2022, 9:29 PM",-,
Participant 532306,Rosie Jones,r.jones@randatmail.com,Submitted for grading,,100,Yes,"Sunday, February 6, 2022, 2:22 PM","Wednesday, February 9, 2022, 1:21 PM",
Participant 541148,Agata Ryan,a.ryan@randatmail.com,Submitted for grading,,100,Yes,"Monday, February 7, 2022, 9:44 PM",-,
Participant 542399,Amelia Evans,a.evans@randatmail.com,Submitted for grading,,100,Yes,"Monday, February 7, 2022, 8:09 PM",-,
Participant 532292,Kelvin Richardson,k.richardson@randatmail.com,Submitted for grading,,100,Yes,"Monday, February 7, 2022, 6:37 PM","Wednesday, February 9, 2022, 1:26 PM",
Participant 543920,Dainton Williams,d.williams@randatmail.com,Submitted for grading,,100,Yes,"Sunday, February 6, 2022, 1:59 PM","Wednesday, February 9, 2022, 11:15 AM",
Participant 532295,Dale Martin,d.martin@randatmail.com,Submitted for grading,,100,Yes,"Monday, February 7, 2022, 5:06 PM","Wednesday, February 9, 2022, 1:29 PM",
Participant 544753,Brianna Perkins,b.perkins@randatmail.com,Submitted for grading,,100,Yes,"Sunday, February 6, 2022, 12:05 PM",-,
Participant 541990,Edgar Baker,e.baker@randatmail.com,Submitted for grading,,100,Yes,"Monday, February 7, 2022, 9:57 PM",-,
Participant 549764,Hailey Richardson,h.richardson@randatmail.com,Submitted for grading,,100,Yes,"Saturday, February 5, 2022, 5:01 PM",-,
Participant 532304,Preston Higgins,p.higgins@randatmail.com,Submitted for grading,,100,Yes,"Monday, February 7, 2022, 10:54 AM","Wednesday, February 9, 2022, 1:37 PM",
Participant 543101,Rebecca Johnston,r.johnston@randatmail.com,Submitted for grading,,100,Yes,"Monday, February 7, 2022, 11:54 PM",-,
Participant 544772,Ryan Russell,r.russell@randatmail.com,Submitted for grading,,100,Yes,"Monday, February 7, 2022, 9:48 PM",-,
Participant 541982,Edward Grant,e.grant@randatmail.com,Submitted for grading,,100,Yes,"Friday, February 4, 2022, 3:13 AM",-,
Participant 532284,Jack Murphy,j.murphy@randatmail.com,Submitted for grading,,100,Yes,"Monday, February 7, 2022, 9:35 AM","Wednesday, February 9, 2022, 1:42 PM",
Participant 541966,Byron Kelley,b.kelley@randatmail.com,Submitted for grading,,100,Yes,"Friday, February 4, 2022, 12:49 PM",-,
Participant 532297,Alan Holmes,a.holmes@randatmail.com,Submitted for grading,,100,Yes,"Monday, February 7, 2022, 12:37 PM","Wednesday, February 9, 2022, 1:51 PM",
Participant 541965,David Elliott,d.elliott@randatmail.com,Submitted for grading,,100,Yes,"Wednesday, February 2, 2022, 2:58 PM",-,
Participant 543087,Isabella Riley,i.riley@randatmail.com,Submitted for grading,,100,Yes,"Sunday, February 6, 2022, 2:35 PM",-,
Participant 543904,Bruce Cooper,b.cooper@randatmail.com,Submitted for grading,,100,Yes,"Friday, February 4, 2022, 4:18 PM","Wednesday, February 9, 2022, 11:20 AM",
Participant 543918,Chelsea Williams,c.williams@randatmail.com,Submitted for grading,,100,Yes,"Sunday, February 6, 2022, 9:25 PM","Wednesday, February 9, 2022, 11:26 AM",
Participant 542398,Andrew Scott,a.scott@randatmail.com,Submitted for grading,,100,Yes,"Sunday, February 6, 2022, 2:44 PM",-,
Participant 542389,Aida Johnston,a.johnston@randatmail.com,Submitted for grading,,100,Yes,"Sunday, February 6, 2022, 4:01 PM",-,
Participant 541996,Dominik Anderson,d.anderson@randatmail.com,Submitted for grading,,100,Yes,"Monday, February 7, 2022, 11:24 PM",-,
Participant 532299,Nicole Grant,n.grant@randatmail.com,Submitted for grading,,100,Yes,"Monday, February 7, 2022, 9:42 AM","Wednesday, February 9, 2022, 1:57 PM",
Participant 544762,Antony Clark,a.clark@randatmail.com,Submitted for grading,,100,Yes,"Sunday, February 6, 2022, 5:07 PM",-,
Participant 544750,Fiona Sullivan,f.sullivan@randatmail.com,Submitted for grading,,100,Yes,"Sunday, February 6, 2022, 11:08 PM",-,
Participant 534835,Lydia Ross,l.ross@randatmail.com,Submitted for grading,,100,Yes,"Saturday, February 5, 2022, 4:58 PM",-,
Participant 543081,Elian Edwards,e.edwards@randatmail.com,Submitted for grading,,100,Yes,"Monday, February 7, 2022, 8:12 PM",-,
Participant 532285,Tiana Robinson,t.robinson@randatmail.com,Submitted for grading,,100,Yes,"Monday, February 7, 2022, 9:33 AM","Wednesday, February 9, 2022, 2:00 PM",
Participant 549776,Alan Morrison,a.morrison@randatmail.com,Submitted for grading,,100,Yes,"Friday, February 4, 2022, 1:20 PM",-,
Participant 542391,Alexia Ryan,a.ryan@randatmail.com,Submitted for grading,,100,Yes,"Monday, February 7, 2022, 9:39 PM",-,
Participant 541158,Edward Perry,e.perry@randatmail.com,Submitted for grading,,100,Yes,"Monday, February 7, 2022, 11:38 PM",-,
Participant 543100,Eleanor Cunningham,e.cunningham@randatmail.com,Submitted for grading,,100,Yes,"Monday, February 7, 2022, 7:55 PM",-,
Participant 543897,Jessica Reed,j.reed@randatmail.com,Submitted for grading,,100,Yes,"Monday, February 7, 2022, 5:22 PM","Wednesday, February 9, 2022, 11:33 AM",
Participant 532289,Cherry Allen,c.allen@randatmail.com,Submitted for grading,,100,Yes,"Monday, February 7, 2022, 9:57 AM","Wednesday, February 9, 2022, 2:06 PM",
Participant 532287,Emma Brown,e.brown@randatmail.com,Submitted for grading,,100,Yes,"Monday, February 7, 2022, 12:08 AM","Wednesday, February 9, 2022, 2:08 PM",
Participant 549775,Gianna Howard,g.howard@randatmail.com,Submitted for grading,,100,Yes,"Monday, February 7, 2022, 12:47 PM",-,
Participant 543090,Arianna Rogers,a.rogers@randatmail.com,Submitted for grading,,100,Yes,-,-,
Participant 543901,Oscar Dixon,o.dixon@randatmail.com,Submitted for grading,,100,Yes,"Thursday, February 3, 2022, 11:35 AM","Wednesday, February 9, 2022, 11:38 AM",
Participant 544758,Bruce Smith,b.smith@randatmail.com,Submitted for grading,,100,Yes,"Sunday, February 6, 2022, 5:32 PM",-,
Participant 542002,Sawyer Wells,s.wells@randatmail.com,Submitted for grading,,100,Yes,"Monday, February 7, 2022, 11:58 PM",-,
Participant 541972,William Baker,w.baker@randatmail.com,Submitted for grading,,100,Yes,"Sunday, February 6, 2022, 1:01 PM",-,
Participant 549765,Natalie Spencer,n.spencer@randatmail.com,Submitted for grading,,100,Yes,"Sunday, February 6, 2022, 7:13 PM",-,
Participant 544760,Henry Murray,h.murray@randatmail.com,Submitted for grading,,100,Yes,"Saturday, February 5, 2022, 6:27 PM",-,
Participant 541977,Isabella Barrett,i.barrett@randatmail.com,Submitted for grading,,100,Yes,"Monday, February 7, 2022, 1:22 PM",-,
Participant 543089,Michael Anderson,m.anderson@randatmail.com,Submitted for grading,,100,Yes,"Monday, February 7, 2022, 10:15 PM",-,
Participant 553472,Frederick Mason,f.mason@randatmail.com,Submitted for grading,,100,Yes,"Monday, February 7, 2022, 12:52 PM","Wednesday, February 9, 2022, 4:25 PM",
Participant 549779,Rafael Higgins,r.higgins@randatmail.com,Submitted for grading,,100,Yes,"Friday, February 4, 2022, 4:25 PM",-,
Participant 541155,Charlotte Carroll,c.carroll@randatmail.com,Submitted for grading,,100,Yes,"Friday, February 4, 2022, 2:02 PM",-,
Participant 549769,Wilson Thomas,w.thomas@randatmail.com,Submitted for grading,,100,Yes,"Sunday, February 6, 2022, 7:49 PM",-,
Participant 543917,Fiona Cameron,f.cameron@randatmail.com,Submitted for grading,,100,Yes,"Monday, February 7, 2022, 9:45 PM","Wednesday, February 9, 2022, 11:52 AM",
Participant 542000,Jacob Murray,j.murray@randatmail.com,Submitted for grading,,100,Yes,"Monday, February 7, 2022, 1:45 PM",-,
Participant 544754,Nicholas Carroll,n.carroll@randatmail.com,Submitted for grading,,100,Yes,"Monday, February 7, 2022, 5:19 PM",-,
Participant 532290,Jenna Cole,j.cole@randatmail.com,Submitted for grading,,100,Yes,"Monday, February 7, 2022, 10:47 PM","Wednesday, February 9, 2022, 2:14 PM",
Participant 542403,Miller Ross,m.ross@randatmail.com,Submitted for grading,,100,Yes,"Friday, February 4, 2022, 11:53 AM",-,
Participant 543905,Charlie Roberts,c.roberts@randatmail.com,Submitted for grading,,100,Yes,"Wednesday, February 9, 2022, 9:37 AM","Wednesday, February 9, 2022, 11:56 AM",
Participant 543086,Cherry Anderson,c.anderson@randatmail.com,Submitted for grading,,100,Yes,"Monday, February 7, 2022, 1:38 PM",-,
Participant 544768,Tony Walker,t.walker@randatmail.com,Submitted for grading,,100,Yes,"Thursday, February 3, 2022, 9:34 AM",-,
Participant 532303,Charlie Rogers,c.rogers@randatmail.com,Submitted for grading,,100,Yes,"Monday, February 7, 2022, 9:58 AM","Wednesday, February 9, 2022, 2:17 PM",
Participant 543088,Adrianna Ross,a.ross@randatmail.com,Submitted for grading,,100,Yes,"Friday, February 4, 2022, 12:30 PM",-,
Participant 541970,Amy Barnes,a.barnes@randatmail.com,Submitted for grading,,100,Yes,"Monday, February 7, 2022, 1:22 PM",-,
Participant 532257,Nicholas Roberts,n.roberts@randatmail.com,Submitted for grading,,100,Yes,"Monday, February 7, 2022, 11:24 AM",-,
Participant 543909,Alisa Murphy,a.murphy@randatmail.com,Submitted for grading,,100,Yes,"Wednesday, February 9, 2022, 9:27 AM","Wednesday, February 9, 2022, 1:48 PM",
Participant 542006,Sarah Wells,s.wells@randatmail.com,Submitted for grading,,100,Yes,"Sunday, February 6, 2022, 6:48 PM",-,
Participant 532239,Mike Ellis,m.ellis@randatmail.com,Submitted for grading,,100,Yes,"Monday, February 7, 2022, 5:20 PM",-,
Participant 541976,Lily Baker,l.baker@randatmail.com,Submitted for grading,,100,Yes,"Sunday, February 6, 2022, 10:44 PM",-,
Participant 543083,Adelaide Grant,a.grant@randatmail.com,Submitted for grading,,100,Yes,"Wednesday, February 2, 2022, 5:35 PM",-,
Participant 541145,Mary Ryan,m.ryan@randatmail.com,Submitted for grading,,100,Yes,"Saturday, February 5, 2022, 1:43 PM",-,
Participant 532294,Briony Hill,b.hill@randatmail.com,Submitted for grading,,100,Yes,"Monday, February 7, 2022, 9:29 AM","Wednesday, February 9, 2022, 2:23 PM",
Participant 541992,Cadie Bailey,c.bailey@randatmail.com,Submitted for grading,,100,Yes,"Monday, February 7, 2022, 8:47 PM",-,
