"Identifier","Full name","Email address","Status","Grade","Maximum Grade","Grade can be changed","Last modified (submission)","Last modified (grade)","Feedback comments"
"Participant 541985","Chelsea Russell","c.russell@randatmail.com","Submitted for grading",0,100,"Yes","Monday, February 7, 2022, 10:45 PM","-",""
"Participant 541975","Lucas Warren","l.warren@randatmail.com","Submitted for grading",84.55,100,"Yes","Monday, February 7, 2022, 10:46 PM","-",""
"Participant 543094","Edward Foster","e.foster@randatmail.com","Submitted for grading",95.45,100,"Yes","-","-",""
"Participant 553465","Jasmine Henderson","j.henderson@randatmail.com","Submitted for grading",97.27,100,"Yes","Monday, February 7, 2022, 5:03 PM","Wednesday, February 9, 2022, 3:06 PM",""
"Participant 542007","Victor Mason","v.mason@randatmail.com","Submitted for grading",98.18,100,"Yes","Monday, February 7, 2022, 10:41 PM","-",""
"Participant 541998","Alina Wilson","a.wilson@randatmail.com","Submitted for grading",100,100,"Yes","Wednesday, February 2, 2022, 10:53 PM","-",""
"Participant 532291","Michael Barrett-Hession","m.barrett@randatmail.com","Submitted for grading",85.91,100,"Yes","Monday, February 7, 2022, 9:41 AM","Wednesday, February 9, 2022, 12:14 PM",""
"Participant 541153","Arnold Myers","a.myers@randatmail.com","Submitted for grading",100,100,"Yes","Monday, February 7, 2022, 3:25 PM","-",""
"Participant 532244","Miley Mitchell","m.mitchell@randatmail.com","Submitted for grading",97.27,100,"Yes","Monday, February 7, 2022, 11:54 AM","-",""
"Participant 549778","Kellan Mason","k.mason@randatmail.com","Submitted for grading",100,100,"Yes","Monday, February 7, 2022, 8:59 PM","-",""
"Participant 543093","Vivian Kelley","v.kelley@randatmail.com","Submitted for grading",98.18,100,"Yes","Sunday, February 6, 2022, 7:08 PM","-",""
"Participant 532249","Sydney Clark","s.clark@randatmail.com","Submitted for grading",100,100,"Yes","Monday, February 7, 2022, 12:05 PM","-",""
"Participant 534849","Vincent Carter","v.carter@randatmail.com","Submitted for grading",100,100,"Yes","Monday, February 7, 2022, 9:20 PM","-",""
"Participant 549763","Aida Fowler","a.fowler@randatmail.com","Submitted for grading",100,100,"Yes","-","-",""
"Participant 549777","Miller Watson","m.watson@randatmail.com","Submitted for grading",90,100,"Yes","Monday, February 7, 2022, 10:08 PM","-",""
"Participant 544764","Jenna Perkins","j.perkins@randatmail.com","Submitted for grading",100,100,"Yes","Friday, February 4, 2022, 3:13 PM","-",""
"Participant 534851","Victor Kelly","v.kelly@randatmail.com","Submitted for grading",98.18,100,"Yes","Monday, February 7, 2022, 4:35 PM","-",""
"Participant 532258","Frederick Douglas","f.douglas@randatmail.com","Submitted for grading",98.18,100,"Yes","Monday, February 7, 2022, 11:39 AM","-",""
"Participant 549780","Olivia Hill","o.hill@randatmail.com","Submitted for grading",100,100,"Yes","-","-",""
"Participant 542407","Alen Lloyd","a.lloyd@randatmail.com","Submitted for grading",98.18,100,"Yes","Friday, February 4, 2022, 12:40 PM","-",""
"Participant 534844","Eddy Elliott","e.elliott@randatmail.com","Submitted for grading",99.09,100,"Yes","Tuesday, February 1, 2022, 12:33 PM","-",""
"Participant 532305","Lucy Turner","l.turner@randatmail.com","Submitted for grading",100,100,"Yes","Sunday, February 6, 2022, 10:12 PM","Wednesday, February 9, 2022, 12:26 PM",""
"Participant 553470","Tiana Walker","t.walker@randatmail.com","Submitted for grading",94.55,100,"Yes","Monday, February 7, 2022, 1:45 PM","Wednesday, February 9, 2022, 3:55 PM",""
"Participant 542394","George Dixon","g.dixon@randatmail.com","Submitted for grading",97.27,100,"Yes","Monday, February 7, 2022, 4:48 PM","-",""
"Participant 542409","Tiana Adams","t.adams@randatmail.com","Submitted for grading",100,100,"Yes","Thursday, February 3, 2022, 8:14 AM","-",""
"Participant 543097","Kirsten Holmes","k.holmes@randatmail.com","Submitted for grading",100,100,"Yes","Friday, February 4, 2022, 11:33 AM","-",""
"Participant 541964","Abigail Reed","a.reed@randatmail.com","Submitted for grading",0,100,"Yes","Friday, February 4, 2022, 10:52 PM","-",""
"Participant 541148","Agata Ryan","a.ryan@randatmail.com","Submitted for grading",73.64,100,"Yes","Monday, February 7, 2022, 9:44 PM","-",""
"Participant 543920","Dainton Williams","d.williams@randatmail.com","Submitted for grading",96.36,100,"Yes","Sunday, February 6, 2022, 1:59 PM","Wednesday, February 9, 2022, 11:15 AM",""
"Participant 541990","Edgar Baker","e.baker@randatmail.com","Submitted for grading",93.18,100,"Yes","Monday, February 7, 2022, 9:57 PM","-",""
"Participant 532284","Jack Murphy","j.murphy@randatmail.com","Submitted for grading",98.18,100,"Yes","Monday, February 7, 2022, 9:35 AM","Wednesday, February 9, 2022, 1:42 PM",""
"Participant 541966","Byron Kelley","b.kelley@randatmail.com","Submitted for grading",87.73,100,"Yes","Friday, February 4, 2022, 12:49 PM","-",""
"Participant 543087","Isabella Riley","i.riley@randatmail.com","Submitted for grading",98.18,100,"Yes","Sunday, February 6, 2022, 2:35 PM","-",""
"Participant 543918","Chelsea Williams","c.williams@randatmail.com","Submitted for grading",100,100,"Yes","Sunday, February 6, 2022, 9:25 PM","Wednesday, February 9, 2022, 11:26 AM",""
"Participant 543081","Elian Edwards","e.edwards@randatmail.com","Submitted for grading",96.36,100,"Yes","Monday, February 7, 2022, 8:12 PM","-",""
"Participant 532285","Tiana Robinson","t.robinson@randatmail.com","Submitted for grading",76.36,100,"Yes","Monday, February 7, 2022, 9:33 AM","Wednesday, February 9, 2022, 2:00 PM",""
"Participant 549776","Alan Morrison","a.morrison@randatmail.com","Submitted for grading",100,100,"Yes","Friday, February 4, 2022, 1:20 PM","-",""
"Participant 532289","Cherry Allen","c.allen@randatmail.com","Submitted for grading",100,100,"Yes","Monday, February 7, 2022, 9:57 AM","Wednesday, February 9, 2022, 2:06 PM",""
"Participant 532287","Emma Brown","e.brown@randatmail.com","Submitted for grading",0,100,"Yes","Monday, February 7, 2022, 12:08 AM","Wednesday, February 9, 2022, 2:08 PM",""
"Participant 549775","Gianna Howard","g.howard@randatmail.com","Submitted for grading",98.18,100,"Yes","Monday, February 7, 2022, 12:47 PM","-",""
"Participant 543901","Oscar Dixon","o.dixon@randatmail.com","Submitted for grading",100,100,"Yes","Thursday, February 3, 2022, 11:35 AM","Wednesday, February 9, 2022, 11:38 AM",""
"Participant 544758","Bruce Smith","b.smith@randatmail.com","Submitted for grading",93.18,100,"Yes","Sunday, February 6, 2022, 5:32 PM","-",""
"Participant 541972","William Baker","w.baker@randatmail.com","Submitted for grading",99.09,100,"Yes","Sunday, February 6, 2022, 1:01 PM","-",""
"Participant 543089","Michael Anderson","m.anderson@randatmail.com","Submitted for grading",98.18,100,"Yes","Monday, February 7, 2022, 10:15 PM","-",""
"Participant 553472","Frederick Mason","f.mason@randatmail.com","Submitted for grading",82.27,100,"Yes","Monday, February 7, 2022, 12:52 PM","Wednesday, February 9, 2022, 4:25 PM",""
"Participant 543088","Adrianna Ross","a.ross@randatmail.com","Submitted for grading",95,100,"Yes","Friday, February 4, 2022, 12:30 PM","-",""
"Participant 541970","Amy Barnes","a.barnes@randatmail.com","Submitted for grading",98.18,100,"Yes","Monday, February 7, 2022, 1:22 PM","-",""
"Participant 532257","Nicholas Roberts","n.roberts@randatmail.com","Submitted for grading",98.18,100,"Yes","Monday, February 7, 2022, 11:24 AM","-",""
"Participant 541992","Cadie Bailey","c.bailey@randatmail.com","Submitted for grading",100,100,"Yes","Monday, February 7, 2022, 8:47 PM","-",""
